entity:ID,name,:LABEL
e0,nan,wenwubenti
e1,钧窑天蓝釉三足炉,wenwubenti
e2,矾红彩云龙纹盘,wenwubenti
e3,青花云龙纹碗,wenwubenti
e4,萧山窑,wenwubenti
e5,建阳窑,wenwubenti
e6,青花蕃莲纹卧足碗,wenwubenti
e7,甜白釉暗花缠枝莲托八吉祥纹碗,wenwubenti
e8,粉彩婴龙灯图瓶,wenwubenti
e9,龙山文化黑陶单把杯,wenwubenti
e10,钧窑月白釉瓶,wenwubenti
e11,宜兴窑紫砂黑漆描金彩绘方壶,wenwubenti
e12,白釉青花加绿彩云龙纹盘,wenwubenti
e13,彩绘陶,wenwubenti
e14,广彩花鸟纹盘,wenwubenti
e15,定窑白釉孩儿枕,wenwubenti
e16,马家窑文化彩陶蛙纹壶,wenwubenti
e17,花瓷双系罐,wenwubenti
e18,登封窑珍珠地划花双虎纹瓶,wenwubenti
e19,胭脂紫轧道珐琅彩直颈瓶,wenwubenti
e20,黄地粉彩丛竹纹盅,wenwubenti
e21,蓝料彩山水图碗,wenwubenti
e22,珐琅彩山石花卉纹小瓶,wenwubenti
e23,仿木纹釉碗,wenwubenti
e24,釉里红,wenwubenti
e25,雍正款仿钧窑变釉海棠式花盆,wenwubenti
e26,青花梅雀纹瓶,wenwubenti
e27,青釉羊,wenwubenti
e28,粉彩开光四季山水盖罐,wenwubenti
e29,宜兴窑塑贴莲花纹梅瓶,wenwubenti
e30,广窑楸叶式洗,wenwubenti
e31,红釉印花云龙纹高足碗,wenwubenti
e32,青花鱼藻纹蒜头瓶,wenwubenti
e33,青釉刻花单柄壶,wenwubenti
e34,宜兴窑紫砂彩绘花鸟纹壁瓶,wenwubenti
e35,青釉印花双系罐,wenwubenti
e36,定窑白釉花口碗,wenwubenti
e37,宜兴窑紫砂莲心铭花鸟六方茶叶罐,wenwubenti
e38,粉彩花卉纹碟,wenwubenti
e39,结晶釉,wenwubenti
e40,郎窑红釉观音尊,wenwubenti
e41,黄地粉彩梅花春燕纹碟,wenwubenti
e42,青釉狗圈,wenwubenti
e43,窑变双耳菊瓣尊,wenwubenti
e44,青花松竹梅纹碗,wenwubenti
e45,斗彩海水异兽纹罐,wenwubenti
e46,龙泉窑青釉凤耳瓶,wenwubenti
e47,青花折枝瑞果纹梅瓶,wenwubenti
e48,定窑白釉刻乾隆御制诗印花蟠螭缠枝花卉纹洗,wenwubenti
e49,青花缠枝莲纹压手杯,wenwubenti
e50,五彩龙穿莲池纹绣墩,wenwubenti
e51,广窑荷叶式洗,wenwubenti
e52,天蓝釉兽面纹螭耳尊,wenwubenti
e53,郎窑红梅瓶,wenwubenti
e54,斗彩,wenwubenti
e55,定窑白釉刻莲花纹折腰碗,wenwubenti
e56,斗彩三秋杯,wenwubenti
e57,绿釉陶狗,wenwubenti
e58,五彩加金鹭莲纹尊,wenwubenti
e59,磁州窑白地黑花诗文如意头形枕,wenwubenti
e60,宜兴窑桃式水注,wenwubenti
e61,青釉堆塑谷仓罐,wenwubenti
e62,明,wenwubenti
e63,越窑青釉壶,wenwubenti
e64,德清窑黑釉鸡头壶,wenwubenti
e65,宜兴窑邵邦祐款紫砂珐琅彩壶,wenwubenti
e66,定窑白釉刻花花卉纹唾盂,wenwubenti
e67,黄地粉彩芭蕉花卉纹圆花盆盆托,wenwubenti
e68,青花缠枝莲八宝纹三足炉,wenwubenti
e69,青釉瓷匜,wenwubenti
e70,素三彩海蟾纹三足洗,wenwubenti
e71,青花五彩,wenwubenti
e72,东青釉描金天鸡花浇,wenwubenti
e73,珐琅彩雉鸡牡丹纹碗,wenwubenti
e74,定窑白釉弦纹三足樽,wenwubenti
e75,清宫造办处珐琅作,wenwubenti
e76,汝窑天青釉三足樽承盘,wenwubenti
e77,青花花卉纹八方烛台,wenwubenti
e78,景德镇窑青白釉印花盒,wenwubenti
e79,青花山水纹瓶,wenwubenti
e80,粉彩折枝花卉纹灯笼瓶,wenwubenti
e81,漆器,wenwubenti
e82,青花山石花卉纹盖罐,wenwubenti
e83,釉下五彩,wenwubenti
e84,斗彩勾莲菊瓣尊,wenwubenti
e85,釉里红四季花卉纹石榴尊,wenwubenti
e86,胭脂红蓝地轧道珐琅彩折枝花纹合欢瓶,wenwubenti
e87,红陶骑马狩猎俑,wenwubenti
e88,釉里红地白花暗刻云龙纹四系扁壶,wenwubenti
e89,黄地红彩开光福禄寿喜碗,wenwubenti
e90,粉彩桃花纹直颈瓶,wenwubenti
e91,清嘉庆,wenwubenti
e92,宜兴窑紫砂小圆壶,wenwubenti
e93,宜兴窑紫砂扁圆壶,wenwubenti
e94,青花压手杯狮球心,wenwubenti
e95,五彩竹纹笔筒,wenwubenti
e96,彭城窑白地黑花兔纹盆,wenwubenti
e97,釉下彩,wenwubenti
e98,龙泉窑五孔盖瓶,wenwubenti
e99,耀州窑青釉刻花莲花纹双耳瓶,wenwubenti
e100,五彩人物挂屏,wenwubenti
e101,原始瓷青釉水波纹盖鼎,wenwubenti
e102,青花云龙双耳炉,wenwubenti
e103,宜兴窑紫砂描金彩绘天鸡尊,wenwubenti
e104,明景泰,wenwubenti
e105,青花矾红彩云蝠纹直颈瓶,wenwubenti
e106,颜色釉,wenwubenti
e107,钧窑玫瑰紫釉仰钟式花盆,wenwubenti
e108,钧窑玫瑰紫釉葵花式花盆托,wenwubenti
e109,长沙窑青釉四足盖炉,wenwubenti
e110,宜兴窑仿钧釉鼓钉三足花盆托,wenwubenti
e111,黄地金花粉彩人物纹燧囊,wenwubenti
e112,景德镇窑青花釉里红镂雕盖罐,wenwubenti
e113,青花龙凤纹盒,wenwubenti
e114,宋定窑工匠,wenwubenti
e115,白釉凸雕莲瓣口瓶,wenwubenti
e116,黄地粉彩梅鹊纹奓斗,wenwubenti
e117,澄泥蟋蟀罐,wenwubenti
e118,磁州窑,wenwubenti
e119,磁山文化红陶平底碗,wenwubenti
e120,霁蓝釉艾叶形洗,wenwubenti
e121,粉彩荷花鹭鸶纹碗,wenwubenti
e122,原始瓷青釉鐎斗,wenwubenti
e123,雍正款仿钧窑变釉弦纹扁肚瓶,wenwubenti
e124,青花经文观音菩萨图碗,wenwubenti
e125,仿钧玫瑰紫釉盘,wenwubenti
e126,越窑青釉执壶,wenwubenti
e127,五彩花鸟长方瓷板,wenwubenti
e128,景德镇窑青白釉双狮枕,wenwubenti
e129,巩义窑绞胎三足炉,wenwubenti
e130,青花团花纹卧足碗,wenwubenti
e131,仿定窑白釉凸花西番莲纹四系瓶,wenwubenti
e132,青花矾红彩海水龙纹合碗,wenwubenti
e133,钧窑天蓝釉紫红斑双耳葫芦瓶,wenwubenti
e134,龙泉窑青釉划花执壶,wenwubenti
e135,宜兴窑陈殷尚款紫砂菱花式壶,wenwubenti
e136,钧窑天蓝釉葫芦瓶,wenwubenti
e137,醴陵窑,wenwubenti
e138,景德镇窑蓝釉描金折枝花朵云纹匜,wenwubenti
e139,龙山文化红陶鬶,wenwubenti
e140,钧窑天蓝釉紫红斑碗,wenwubenti
e141,绿地粉彩开光菊石纹茶壶,wenwubenti
e142,翠青釉罐,wenwubenti
e143,黄地粉彩蝴蝶纹羹匙,wenwubenti
e144,粉彩九桃瓶,wenwubenti
e145,酱地描金凸雕灵桃瓶,wenwubenti
e146,黄釉墨彩花鸟纹长方花盆,wenwubenti
e147,清康熙,wenwubenti
e148,珍珠地牡丹腰圆枕,wenwubenti
e149,定窑白釉印花海水鱼纹长方枕,wenwubenti
e150,三彩印花方盘,wenwubenti
e151,鲁山窑花瓷腰鼓,wenwubenti
e152,杂宝纹,wenwubenti
e153,绿哥釉小橄榄瓶,wenwubenti
e154,青釉弦纹带托三足灯,wenwubenti
e155,红彩双喜字碗,wenwubenti
e156,黄地紫绿龙葡萄纹碟,wenwubenti
e157,酱釉盘,wenwubenti
e158,白釉矾红彩阿拉伯文波斯文盘,wenwubenti
e159,青白瓷,wenwubenti
e160,忍冬纹,wenwubenti
e161,粉彩雉鸡牡丹纹盘,wenwubenti
e162,钧窑月白釉鼓钉三足花盆托,wenwubenti
e163,青花八宝纹花盆,wenwubenti
e164,萧山窑青釉划莲瓣纹盘,wenwubenti
e165,宜兴窑紫砂芦雁纹六方茶叶罐,wenwubenti
e166,霁红釉玉壶春瓶,wenwubenti
e167,哥窑葵花洗,wenwubenti
e168,宜兴窑冰心道人款紫砂圆壶,wenwubenti
e169,宜兴窑匋斋款紫砂扁壶,wenwubenti
e170,宜兴窑,wenwubenti
e171,五彩仕女圆瓷板,wenwubenti
e172,青花云龙纹天球瓶,wenwubenti
e173,龙山文化黑陶双系壶,wenwubenti
e174,璎珞纹,wenwubenti
e175,定窑白釉刻划尚食局铭印花摩羯花卉纹盘,wenwubenti
e176,釉里红四鱼纹水丞,wenwubenti
e177,哥窑青釉贯耳瓶,wenwubenti
e178,白釉罐,wenwubenti
e179,岳州窑青釉划花莲瓣纹盘口瓶,wenwubenti
e180,高雅,wenwubenti
e181,黄地墨彩花蝶纹羹匙,wenwubenti
e182,隋,wenwubenti
e183,宜兴窑紫砂泥绘芦雁纹茶叶罐,wenwubenti
e184,余杭窑,wenwubenti
e185,粉彩描金云蝠纹赏瓶,wenwubenti
e186,越窑,wenwubenti
e187,黄地粉彩梅鹊纹圆瓷片桌心,wenwubenti
e188,官窑青釉方花盆,wenwubenti
e189,鲜红釉印花云龙纹高足碗,wenwubenti
e190,磁州窑白地黑花梅瓶,wenwubenti
e191,白陶刻饕餮纹双系壶,wenwubenti
e192,白釉渣斗,wenwubenti
e193,黑陶高柄杯,wenwubenti
e194,青釉印纹双系壶,wenwubenti
e195,宜兴窑紫砂御题诗松树山石图壶,wenwubenti
e196,明成化,wenwubenti
e197,紫砂黑漆描金吉庆有余壶,wenwubenti
e198,灰陶狗,wenwubenti
e199,景德镇窑青白釉刻花婴戏纹碗,wenwubenti
e200,吉州窑,wenwubenti
e201,德化窑白釉葫芦式壶,wenwubenti
e202,龙泉窑青釉净瓶,wenwubenti
e203,斗彩竹纹竹节式盖罐,wenwubenti
e204,素三彩缠枝莲纹长方水仙盆,wenwubenti
e205,蓝釉白花鱼莲纹盘,wenwubenti
e206,回纹,wenwubenti
e207,青釉鱼篓尊,wenwubenti
e208,祭蓝釉暗花云龙纹盘,wenwubenti
e209,斗彩蔓草纹瓶,wenwubenti
e210,粉彩婴戏天球瓶,wenwubenti
e211,绿地粉彩花鸟纹高足盘,wenwubenti
e212,仿官釉琮式壁瓶,wenwubenti
e213,青花茅山道士图三足香炉,wenwubenti
e214,哥窑,wenwubenti
e215,景德镇窑青白釉双鱼碗,wenwubenti
e216,五彩祝寿图插屏,wenwubenti
e217,绿釉弦纹熊足陶仓,wenwubenti
e218,鱼纹,wenwubenti
e219,定窑白釉刻官字款水丞,wenwubenti
e220,景德镇窑青白釉带盖瓶,wenwubenti
e221,青花婴戏图碗,wenwubenti
e222,粉彩婴戏图壮罐,wenwubenti
e223,斗彩折枝花纹浅杯,wenwubenti
e224,粉青釉暗兽面纹交泰尊,wenwubenti
e225,黄地粉彩百蝶纹奓斗,wenwubenti
e226,墨彩籁瓜纹盅,wenwubenti
e227,定窑白釉刻花蟠螭纹洗,wenwubenti
e228,霁蓝地描金粉彩诗句花卉纹大瓶,wenwubenti
e229,绿地粉彩花鸟纹盖碗,wenwubenti
e230,冬青釉五彩加金花鸟纹大花盆,wenwubenti
e231,磁山文化红陶盂及支座,wenwubenti
e232,仿雕漆釉碗,wenwubenti
e233,定窑,wenwubenti
e234,白陶雕刻饕餮纹双耳壶,wenwubenti
e235,定窑白釉刻花萱草纹盘,wenwubenti
e236,石湾窑牛式花插,wenwubenti
e237,宜兴窑紫砂黑漆描金菊花壶,wenwubenti
e238,斗彩红龙凤盖罐,wenwubenti
e239,三彩盖罐,wenwubenti
e240,文竹釉开光双耳壁瓶,wenwubenti
e241,鲁山窑,wenwubenti
e242,粉彩过枝桃树纹盘,wenwubenti
e243,定窑白釉印花缠枝海石榴纹笠式碗,wenwubenti
e244,邛窑青釉褐彩四系罐,wenwubenti
e245,白釉刻花鸡冠壶,wenwubenti
e246,素三彩镂空熏,wenwubenti
e247,青花三羊纹碗,wenwubenti
e248,粉彩耕织图碗,wenwubenti
e249,青釉砚台,wenwubenti
e250,素三彩海马八吉祥纹罐,wenwubenti
e251,彩陶,wenwubenti
e252,绿地墨彩花鸟纹奓斗,wenwubenti
e253,青花人物纹高足碗,wenwubenti
e254,邛窑,wenwubenti
e255,斗彩山水人物纹菱花口花盆,wenwubenti
e256,磁州窑白釉黑彩狗,wenwubenti
e257,北宋,wenwubenti
e258,斗彩折枝莲托八吉祥纹碗,wenwubenti
e259,定窑白釉刻花芙蓉纹蔗段花口洗,wenwubenti
e260,釉里红三鱼纹高足碗,wenwubenti
e261,龙泉窑青釉塑贴双鱼纹洗,wenwubenti
e262,五彩蝴蝶纹瓶,wenwubenti
e263,景德镇窑青花凤穿牡丹纹执壶,wenwubenti
e264,黄地粉彩芭蕉花卉纹花盆奁,wenwubenti
e265,藕荷地粉彩花鸟纹高足碗,wenwubenti
e266,仿黑鲨鱼皮嵌钟表葫芦式壁瓶,wenwubenti
e267,明正德,wenwubenti
e268,绿地粉彩藤萝月季花纹花盆,wenwubenti
e269,明成化鲜红釉盘,wenwubenti
e270,胭脂红彩山水纹小瓶,wenwubenti
e271,青花婴戏图圆盒,wenwubenti
e272,斗彩怪石花蝶纹罐,wenwubenti
e273,彩绘陶方壶,wenwubenti
e274,吉州窑绿釉刻花枕,wenwubenti
e275,青花花卉纹鼎,wenwubenti
e276,花瓷双系注子,wenwubenti
e277,磁州窑白地黑花云凤纹四系瓶,wenwubenti
e278,越窑青釉瓜棱执壶,wenwubenti
e279,唐,wenwubenti
e280,定窑白釉刻花萱草纹折腰碗,wenwubenti
e281,越窑青釉菱花口盘,wenwubenti
e282,黄地粉彩菊花纹圆花盆,wenwubenti
e283,广彩人物纹盘,wenwubenti
e284,龙泉窑,wenwubenti
e285,青花龙穿花纹梅瓶,wenwubenti
e286,黄地粉彩百蝶纹盘,wenwubenti
e287,五彩山水人物瓶,wenwubenti
e288,懋勤殿款龙纹印盒,wenwubenti
e289,景德镇窑青花飞凤麒麟纹盘,wenwubenti
e290,东青釉杏圆瓶,wenwubenti
e291,青釉镂空双系罐,wenwubenti
e292,豇豆红釉洗,wenwubenti
e293,古铜彩双耳炉,wenwubenti
e294,仿官釉笔山,wenwubenti
e295,矾红彩描金云龙纹高足盘,wenwubenti
e296,剔花,wenwubenti
e297,斗彩宝相花纹盖罐,wenwubenti
e298,长沙窑,wenwubenti
e299,青花阿拉伯花纹绶带耳葫芦扁壶,wenwubenti
e300,三彩骑马狩猎俑,wenwubenti
e301,粉彩梅花纹碗,wenwubenti
e302,青花釉里红缠枝莲纹双螭耳尊,wenwubenti
e303,宜兴窑紫砂泥绘花卉方花盆,wenwubenti
e304,油红地五彩描金婴戏图碗,wenwubenti
e305,青花牵牛花纹四方委角瓶,wenwubenti
e306,黄釉凤首瓶,wenwubenti
e307,德化窑白釉达摩立像,wenwubenti
e308,青花折枝灵芝纹石榴尊,wenwubenti
e309,矾红彩人物纹碗,wenwubenti
e310,大汶口文化,wenwubenti
e311,粉彩鹭莲盘,wenwubenti
e312,青花庭院仕女图高足碗,wenwubenti
e313,磁山文化红陶深腹双系罐,wenwubenti
e314,苹果青釉瓶,wenwubenti
e315,珐琅彩梅花牡丹纹碗,wenwubenti
e316,花瓷三足盘,wenwubenti
e317,涡纹,wenwubenti
e318,黑釉油滴釉盘,wenwubenti
e319,定窑白釉刻花花卉纹梅瓶,wenwubenti
e320,元,wenwubenti
e321,黄釉暗云龙莲瓣盘,wenwubenti
e322,三彩胡人牵骆驼俑,wenwubenti
e323,青釉玉璧形底碗,wenwubenti
e324,定窑白釉单柄杯,wenwubenti
e325,黄地开光珐琅彩花卉纹碗,wenwubenti
e326,清光绪,wenwubenti
e327,青白釉狗,wenwubenti
e328,唐英仿官水丞,wenwubenti
e329,青花锁锦纹瓷板,wenwubenti
e330,德化窑白釉象耳弦纹尊,wenwubenti
e331,巩义窑,wenwubenti
e332,慎德堂制款粉彩梅花纹盖碗,wenwubenti
e333,斗彩缠枝花纹三足洗,wenwubenti
e334,定窑白釉板沿单柄洗,wenwubenti
e335,玉溪窑,wenwubenti
e336,勾莲纹,wenwubenti
e337,钧窑天蓝釉紫红斑菊瓣盘,wenwubenti
e338,黄釉提梁壶,wenwubenti
e339,仿汝釉花囊,wenwubenti
e340,婴戏纹,wenwubenti
e341,仿定窑白釉凸蟠螭纹兽耳活环四足方盖炉,wenwubenti
e342,景德镇窑青白釉印花蟠螭纹洗,wenwubenti
e343,龙纹,wenwubenti
e344,蛋黄釉盘,wenwubenti
e345,钧窑月白釉长方花盆托,wenwubenti
e346,宜兴窑紫砂三连核桃,wenwubenti
e347,珐琅彩勾莲纹象耳瓶,wenwubenti
e348,三彩文官俑,wenwubenti
e349,官窑青釉盏托,wenwubenti
e350,粉彩描金寿字盘,wenwubenti
e351,官窑,wenwubenti
e352,青花松竹梅纹盘,wenwubenti
e353,粉彩花卉凸三婴戏瓶,wenwubenti
e354,黄地粉彩花卉纹盖盒,wenwubenti
e355,粉彩岁朝婴戏果盘,wenwubenti
e356,宜兴窑紫砂百果诗句砚滴壶,wenwubenti
e357,紫红地白梅珐琅彩小碗,wenwubenti
e358,钧窑天蓝釉盏托,wenwubenti
e359,景德镇窑红釉暗刻云龙纹执壶,wenwubenti
e360,齐家文化红陶双耳罐,wenwubenti
e361,磁州窑白地黑花八方枕,wenwubenti
e362,青花八宝纹双耳宝月瓶,wenwubenti
e363,胭脂红地珐琅彩开光花卉纹碗,wenwubenti
e364,五彩牡丹玉兰纹花觚,wenwubenti
e365,马家窑文化马厂类型,wenwubenti
e366,仿哥釉菊瓣碗,wenwubenti
e367,三彩剔划花兔纹枕,wenwubenti
e368,吉州窑黑釉剪纸贴花三凤纹碗,wenwubenti
e369,齐家文化,wenwubenti
e370,宜兴窑紫砂百果壶,wenwubenti
e371,青花芝桃仙鹤符箓纹盘,wenwubenti
e372,钧窑玫瑰紫釉海棠式四足花盆,wenwubenti
e373,定窑白釉印花荷莲双鱼纹盘,wenwubenti
e374,钧窑天蓝釉紫红斑盖罐,wenwubenti
e375,钧窑,wenwubenti
e376,定窑孩儿枕残,wenwubenti
e377,宜兴窑紫砂描金御题诗烹茶图壶,wenwubenti
e378,黄地粉彩勾莲开光万寿无疆碗,wenwubenti
e379,扁形,wenwubenti
e380,磁山文化,wenwubenti
e381,釉陶,wenwubenti
e382,清道光,wenwubenti
e383,青花云龙纹寿字盖罐,wenwubenti
e384,黄地粉彩五福捧寿纹奓斗,wenwubenti
e385,喜庆,wenwubenti
e386,粉彩葫芦纹碗,wenwubenti
e387,定窑白釉剔花卷草纹长方枕,wenwubenti
e388,白釉梅瓶,wenwubenti
e389,宜兴窑惠逸公款紫砂凸莲瓣碗,wenwubenti
e390,黄地墨彩花鸟纹长方小花盆,wenwubenti
e391,景德镇窑青白釉倒流壶,wenwubenti
e392,青釉鸡头龙柄壶,wenwubenti
e393,仿斑竹五彩花鸟纹墨床,wenwubenti
e394,乾隆款炉钧釉双耳三足炉,wenwubenti
e395,邢窑白釉瓶,wenwubenti
e396,郏县窑黑釉蓝斑三足盘,wenwubenti
e397,青花波斯文三足炉,wenwubenti
e398,粉彩雕瓷鸭,wenwubenti
e399,釉里红地白花暗刻牡丹纹玉壶春瓶,wenwubenti
e400,淡黄地粉彩荷莲花方花盆,wenwubenti
e401,青釉褐斑羊头壶,wenwubenti
e402,窑变釉弦纹瓶,wenwubenti
e403,斗彩云龙纹盖罐,wenwubenti
e404,绿地紫彩海水云龙纹碗,wenwubenti
e405,青花缠枝莲纹赏瓶,wenwubenti
e406,定窑白釉刻划花石榴纹碗,wenwubenti
e407,耀州窑茶叶末釉注子,wenwubenti
e408,霁蓝釉小杯,wenwubenti
e409,越窑青釉四系瓶,wenwubenti
e410,仰韶文化半坡类型,wenwubenti
e411,红陶,wenwubenti
e412,青花花鸟纹梅瓶,wenwubenti
e413,宜兴窑紫砂描金堆绘携琴访友图大笔筒,wenwubenti
e414,五彩瑞兽纹瓜棱执壶,wenwubenti
e415,清咸丰,wenwubenti
e416,素三彩团龙瓶,wenwubenti
e417,仿定窑白釉划花海水双鱼纹折沿洗,wenwubenti
e418,青花竹石灵芝纹盘,wenwubenti
e419,宜兴窑仿钧釉茶壶,wenwubenti
e420,素三彩缠枝莲纹高足碗,wenwubenti
e421,青花海水龙纹钵,wenwubenti
e422,青花八仙罐,wenwubenti
e423,绿地粉彩藤萝月季花纹奓斗,wenwubenti
e424,清乾隆,wenwubenti
e425,五彩鸳莲纹提梁壶,wenwubenti
e426,红彩云龙盅,wenwubenti
e427,胭脂红釉盘,wenwubenti
e428,仿定窑白釉云麓款铺首耳瓶,wenwubenti
e429,定窑白釉穿带瓜棱壶,wenwubenti
e430,越窑青釉刻莲花纹盒,wenwubenti
e431,斗彩描金缠枝花纹碗,wenwubenti
e432,钧窑天蓝釉罐,wenwubenti
e433,仿宣德青花松竹梅纹盘,wenwubenti
e434,天蓝地开光镂空粉彩转心瓶,wenwubenti
e435,磁州窑白地黑花镇宅铭狮纹枕,wenwubenti
e436,窑变釉梅瓶,wenwubenti
e437,仿永乐青花阿拉伯文盘座,wenwubenti
e438,青花加官进爵图盘,wenwubenti
e439,定窑白釉碗,wenwubenti
e440,定窑白釉刻易定铭碗,wenwubenti
e441,定窑白釉刻花牡丹纹折沿盘,wenwubenti
e442,定窑白釉执壶,wenwubenti
e443,青花梵文杯,wenwubenti
e444,厂官釉绶带耳葫芦瓶,wenwubenti
e445,釉里三色花鸟纹花觚,wenwubenti
e446,龙泉窑青釉琮式瓶,wenwubenti
e447,琉璃厂窑,wenwubenti
e448,德化窑白釉鹤鹿仙人雕像,wenwubenti
e449,青釉模印塑贴四系罐,wenwubenti
e450,彭城窑仿定窑白釉弦纹三足樽,wenwubenti
e451,粉彩荷花鹭鸶纹奓斗,wenwubenti
e452,茶叶末釉铺首耳炉,wenwubenti
e453,明万历,wenwubenti
e454,黄地红喜字纹小碗,wenwubenti
e455,粉彩御窑厂图大瓶,wenwubenti
e456,定窑白釉印花折枝花卉纹碗,wenwubenti
e457,黑彩描金花卉纹碗,wenwubenti
e458,炉钧釉直口瓶,wenwubenti
e459,青花菱形开光双凤穿莲花纹长方炉,wenwubenti
e460,斗彩如意耳蒜头瓶,wenwubenti
e461,青花八宝纹背壶,wenwubenti
e462,斗彩花卉酒杯,wenwubenti
e463,斗彩缠枝莲纹罐,wenwubenti
e464,炉钧釉水丞,wenwubenti
e465,黄釉刻折枝花圆花盆奁,wenwubenti
e466,青花花卉纹花盆奁,wenwubenti
e467,珐琅彩缠枝莲纹双连瓶,wenwubenti
e468,修武窑绞胎罐,wenwubenti
e469,黄釉描金秋叶形笔掭,wenwubenti
e470,黄地红喜字纹奓斗,wenwubenti
e471,螭纹,wenwubenti
e472,邢窑白釉皮囊式壶,wenwubenti
e473,钧窑玫瑰紫釉花盆,wenwubenti
e474,青釉镂空粉彩描金夔凤纹套瓶,wenwubenti
e475,粉彩江山万代纹碗,wenwubenti
e476,青花荷莲纹贯耳瓶,wenwubenti
e477,福清窑黑釉盏,wenwubenti
e478,定窑白釉印花云龙纹盘,wenwubenti
e479,五彩人物长方瓷板,wenwubenti
e480,耀州窑青釉盘口瓶,wenwubenti
e481,青釉四系鸟纽盖缸,wenwubenti
e482,绿釉划花单柄壶,wenwubenti
e483,三彩鱼形壶,wenwubenti
e484,长沙窑彩绘花鸟纹注子,wenwubenti
e485,仿黑漆描金缠枝花果盘,wenwubenti
e486,宜兴窑紫砂茶壶,wenwubenti
e487,德化窑白釉弦纹双耳三足炉,wenwubenti
e488,白釉炉,wenwubenti
e489,紫红地珐琅彩折枝莲纹瓶,wenwubenti
e490,炉钧釉铺首耳壶,wenwubenti
e491,黄地珐琅彩缠枝牡丹纹碗,wenwubenti
e492,青花折枝花果纹蒜头瓶,wenwubenti
e493,红地黄彩海水云龙纹盖罐,wenwubenti
e494,当阳峪窑,wenwubenti
e495,景德镇窑釉里红划花兔纹玉壶春瓶,wenwubenti
e496,黑釉剔花缸,wenwubenti
e497,磁州窑白地黑花龙凤纹罐,wenwubenti
e498,五彩镂空云凤纹瓶,wenwubenti
e499,钧窑天蓝釉菱花口折沿盘,wenwubenti
e500,明弘治,wenwubenti
e501,黄地青花折枝花果纹盘,wenwubenti
e502,斗彩暗八仙折腰碗,wenwubenti
e503,黄地开光粉彩山水人物纹四方茶壶,wenwubenti
e504,黄地粉彩蝴蝶纹奓斗,wenwubenti
e505,马家窑文化彩陶漩涡纹双耳罐,wenwubenti
e506,粉彩花蝶盅,wenwubenti
e507,仿定窑白釉划花云龙纹折沿洗,wenwubenti
e508,蓝地黄彩折枝花纹盘,wenwubenti
e509,黄地粉彩蝴蝶八喜纹奓斗,wenwubenti
e510,宜兴窑阿曼陀室款紫砂描金山水纹茶壶,wenwubenti
e511,青釉原始瓷划花双系罐,wenwubenti
e512,青花龙凤纹出戟花觚,wenwubenti
e513,慎德堂款粉彩扁方瓶,wenwubenti
e514,五彩云鹤纹罐,wenwubenti
e515,青花折枝花纹八方烛台,wenwubenti
e516,黄地蓝寿字纹奓斗,wenwubenti
e517,冬青釉暗花海水龙萝卜尊,wenwubenti
e518,宜兴窑紫砂凸雕夔龙花盆,wenwubenti
e519,茄皮紫釉暗花云龙纹盘,wenwubenti
e520,定窑白釉刻划花海水双鱼纹盘,wenwubenti
e521,虎皮三彩撇口碗,wenwubenti
e522,青花人物套盒,wenwubenti
e523,鲜红釉描金云龙纹碗,wenwubenti
e524,汉,wenwubenti
e525,青花缠枝莲纹碗,wenwubenti
e526,明宣德,wenwubenti
e527,黄釉黑彩竹纹瓶,wenwubenti
e528,宜兴窑紫砂泥绘烹茶图六方茶壶,wenwubenti
e529,黄地红蝠金团寿字纹盖碗,wenwubenti
e530,汝窑天青釉碗,wenwubenti
e531,福清窑,wenwubenti
e532,斗彩婴戏图玉壶春瓶,wenwubenti
e533,登封窑,wenwubenti
e534,白陶,wenwubenti
e535,定窑白釉印花龟鹤仙人图菊瓣盘,wenwubenti
e536,绿地墨彩花鸟纹盘,wenwubenti
e537,耀州窑青釉药王塑像,wenwubenti
e538,甜白釉划花缠枝莲纹梅瓶,wenwubenti
e539,茶叶末釉牺耳尊,wenwubenti
e540,青花五彩雉鸡牡丹纹尊,wenwubenti
e541,清同治,wenwubenti
e542,定窑紫金釉葵瓣口盘,wenwubenti
e543,鲁山窑黑釉蓝斑壶,wenwubenti
e544,黄地墨彩花蝶纹盖碗,wenwubenti
e545,景德镇窑青花云龙纹梅瓶,wenwubenti
e546,琉璃厂窑黄褐釉彩绘双鱼纹盆,wenwubenti
e547,黄地粉彩蝴蝶八喜字纹盘,wenwubenti
e548,耀州窑青釉刻花瓶,wenwubenti
e549,黄地蓝寿字纹盘,wenwubenti
e550,黄地红蝠金彩团寿字渣斗,wenwubenti
e551,钧窑天蓝釉海棠式盘,wenwubenti
e552,古铜彩描金花圆盒,wenwubenti
e553,白陶刻几何纹瓿,wenwubenti
e554,宜兴窑紫砂行有恒堂刻诗句圆壶,wenwubenti
e555,马家窑文化半山类型,wenwubenti
e556,马家窑文化彩陶弦纹瓶,wenwubenti
e557,铅褐釉印花人物纹扁瓶,wenwubenti
e558,白釉珍珠地划花折枝牡丹纹枕,wenwubenti
e559,青花兔纹浅碗,wenwubenti
e560,黄地蓝寿字纹羹匙,wenwubenti
e561,绿地黄彩开光云龙纹盖罐,wenwubenti
e562,白釉葵瓣口杯,wenwubenti
e563,钧窑月白釉梅瓶,wenwubenti
e564,斗彩阿拉伯文出戟瓶,wenwubenti
e565,定窑白釉刻花内蟠螭外莲瓣纹盘,wenwubenti
e566,大汶口文化白陶双系壶,wenwubenti
e567,黄地红蝠金彩团寿字纹盘,wenwubenti
e568,仿木纹釉地粉彩松鹤纹笔筒,wenwubenti
e569,霍县窑仿定窑白釉印花牡丹纹盘,wenwubenti
e570,三彩马,wenwubenti
e571,紫地粉彩折枝花鸟纹圆盆奁,wenwubenti
e572,红地金喜字纹奓斗,wenwubenti
e573,木纹釉粉彩牡丹纹书式墨床,wenwubenti
e574,巩义窑三彩双系罐,wenwubenti
e575,定窑白釉刻花萱草纹碗,wenwubenti
e576,粉彩镂空蟠螭纹象耳转心瓶,wenwubenti
e577,青花折枝绣球花纹盖盒,wenwubenti
e578,黑釉凸线纹瓶,wenwubenti
e579,粉彩镂空云龙纹夔凤耳转心瓶,wenwubenti
e580,青花缠枝花纹瓜棱瓶,wenwubenti
e581,钧窑月白釉出戟尊,wenwubenti
e582,黑釉刻花玉壶春瓶,wenwubenti
e583,三彩刻花三足盘,wenwubenti
e584,窑变釉杏元瓶,wenwubenti
e585,绿地粉彩开光花鸟纹方瓶,wenwubenti
e586,菊花纹,wenwubenti
e587,原始瓷青釉划花双系罐,wenwubenti
e588,粉彩团蝶纹碗,wenwubenti
e589,紫地轧道粉彩描金带托爵杯,wenwubenti
e590,黄地珐琅彩开光西洋人物纹绶带耳葫芦瓶,wenwubenti
e591,青花人物诸葛碗长春万古款,wenwubenti
e592,白釉红绿彩鱼纹碗,wenwubenti
e593,青花缠枝莲纹执壶,wenwubenti
e594,青花菊瓣纹碗,wenwubenti
e595,青花缠枝花卉纹梅瓶,wenwubenti
e596,龙山文化,wenwubenti
e597,钧窑玫瑰紫釉海棠式四足花盆托,wenwubenti
e598,青花食盒,wenwubenti
e599,青花人物纹缸,wenwubenti
e600,斗彩瓜蝶纹瓶,wenwubenti
e601,马家窑文化彩陶漩涡菱形几何纹双系壶,wenwubenti
e602,景德镇窑青花鸳鸯荷花满池娇纹花口盘,wenwubenti
e603,斗彩勾莲纹寿字葫芦瓶,wenwubenti
e604,宜兴窑紫砂荷莲寿字壶,wenwubenti
e605,当阳峪窑白釉剔花瓶,wenwubenti
e606,青花兰亭会笔筒,wenwubenti
e607,原始瓷,wenwubenti
e608,钧窑天蓝釉红斑花瓣式碗,wenwubenti
e609,青花竹石芭蕉纹玉壶春瓶,wenwubenti
e610,绿釉凸花狩猎纹陶壶,wenwubenti
e611,钧窑月白釉塑贴莲荷纹双耳三足炉,wenwubenti
e612,青花罗汉图炉,wenwubenti
e613,紫砂御题诗句烹茶图六方壶,wenwubenti
e614,淮南窑青釉印花高足盘,wenwubenti
e615,岳州窑,wenwubenti
e616,白地素三彩缠枝莲纹瓶,wenwubenti
e617,紫地粉彩花鸟纹高足盘,wenwubenti
e618,仿汝釉蟋蟀罐,wenwubenti
e619,明早期,wenwubenti
e620,釉里红拔白缠枝花卉纹碗,wenwubenti
e621,莲瓣纹,wenwubenti
e622,绿地粉彩荷花纹花盆,wenwubenti
e623,宜兴窑紫砂金漆云蝠砚,wenwubenti
e624,德清窑黑釉唾壶,wenwubenti
e625,五彩十二月花卉纹杯,wenwubenti
e626,青花折枝月季纹碗,wenwubenti
e627,德化窑白釉暗花胆式瓶,wenwubenti
e628,钧窑天蓝釉紫红斑梅瓶,wenwubenti
e629,素三彩茄式壶,wenwubenti
e630,磁州窑黑彩人物双兔纹罐,wenwubenti
e631,釉里红云龙纹钵缸,wenwubenti
e632,红釉开光金囍字碗,wenwubenti
e633,青花怪石茶花纹碗,wenwubenti
e634,西村窑青白釉褐斑刻划凤纹大碗,wenwubenti
e635,马家窑文化彩陶水波纹钵,wenwubenti
e636,粉彩描金书函式金钟笼,wenwubenti
e637,青花云龙纹盘,wenwubenti
e638,珐琅彩开光山水诗句瓶,wenwubenti
e639,钧窑玫瑰紫釉菱花式三足花盆托,wenwubenti
e640,青花牡丹盘,wenwubenti
e641,藕荷地粉彩花卉纹捧盒,wenwubenti
e642,粉彩开光博古图碗,wenwubenti
e643,郏县窑,wenwubenti
e644,胭脂紫釉碗,wenwubenti
e645,宜兴窑友兰款紫砂诗句温壶,wenwubenti
e646,霁蓝釉描金地开光粉彩花鸟纹方瓶,wenwubenti
e647,钧窑玫瑰紫釉海棠式花盆,wenwubenti
e648,青花缠枝莲纹葫芦瓶,wenwubenti
e649,釉里红花蝶纹笔筒,wenwubenti
e650,黄釉刻折枝花长方花盆,wenwubenti
e651,钧窑玫瑰紫釉鼓钉三足花盆托,wenwubenti
e652,德化窑白釉兽耳炉,wenwubenti
e653,古铜彩牺耳尊,wenwubenti
e654,定窑白釉印花凤衔花纹笠式碗,wenwubenti
e655,建窑黑釉兔毫盏,wenwubenti
e656,粉彩,wenwubenti
e657,定窑白釉内外刻花萱草纹温碗,wenwubenti
e658,修武窑,wenwubenti
e659,郎窑红釉凤尾尊,wenwubenti
e660,青花八仙庆寿纹罐,wenwubenti
e661,三彩花瓣式三足盘,wenwubenti
e662,斗彩灵云纹杯,wenwubenti
e663,钧窑天蓝釉盘,wenwubenti
e664,宜兴窑紫砂暗刻兰花诗句三角花盆,wenwubenti
e665,长沙窑褐釉模印贴花双耳罐,wenwubenti
e666,几何纹,wenwubenti
e667,宜兴窑紫砂彩绘花鸟纹委角笔筒,wenwubenti
e668,黄地红彩二龙赶珠纹碗,wenwubenti
e669,郎窑红釉穿带直口瓶,wenwubenti
e670,五彩天马纹盖罐,wenwubenti
e671,粉彩花卉双耳瓶,wenwubenti
e672,青花海石榴贯耳瓶,wenwubenti
e673,粉彩蟠桃纹天球瓶,wenwubenti
e674,宜兴窑紫砂绿地描金瓜棱壶,wenwubenti
e675,青花洞石楸叶诗句盘,wenwubenti
e676,定窑白釉刻花直颈瓶,wenwubenti
e677,石湾窑仿钧釉菱花式三足花盆托,wenwubenti
e678,青花三果纹执壶,wenwubenti
e679,龙泉窑青釉弦纹瓶,wenwubenti
e680,定窑白釉印花孔雀牡丹纹盘,wenwubenti
e681,黄地蓝寿字纹长方花盆,wenwubenti
e682,新石器时代,wenwubenti
e683,大雅斋款绿地粉彩花鸟纹高足盘,wenwubenti
e684,青花缠枝莲纹瓶,wenwubenti
e685,紫砂御题诗烹茶图圆壶,wenwubenti
e686,铅黄釉绿彩莲瓣纹罐,wenwubenti
e687,紫砂绶馥款龙首三足壶,wenwubenti
e688,青花夔龙纹罐,wenwubenti
e689,豇豆红釉菊瓣瓶,wenwubenti
e690,邢窑,wenwubenti
e691,金银锡器,wenwubenti
e692,乌金釉描金山水纹笔筒,wenwubenti
e693,白地酱彩花果纹盘,wenwubenti
e694,仿宣德青花三果纹执壶,wenwubenti
e695,青花加彩花鸟纹碗,wenwubenti
e696,钧窑灰紫釉渣斗式花盆,wenwubenti
e697,长沙窑模印贴花褐斑注子,wenwubenti
e698,青花八宝勾云纹高足盅,wenwubenti
e699,东汉,wenwubenti
e700,磁州窑白地黑花人物纹枕,wenwubenti
e701,仿哥釉塑贴三羊瓶,wenwubenti
e702,三彩骆驼,wenwubenti
e703,雍正款仿钧新紫釉太白坛,wenwubenti
e704,钧窑月白釉双耳三足炉,wenwubenti
e705,葡萄纹,wenwubenti
e706,青釉兔纽莲瓣纹权,wenwubenti
e707,粉彩勾莲纹天球瓶,wenwubenti
e708,琉璃厂窑黑釉凸龙盖罐,wenwubenti
e709,紫砂,wenwubenti
e710,黄釉葫芦式执壶,wenwubenti
e711,蓝釉刻麒麟纹执壶,wenwubenti
e712,青花麒麟纹盘,wenwubenti
e713,宜兴窑惠梦臣款紫砂菊瓣壶,wenwubenti
e714,三彩凤首壶,wenwubenti
e715,汝窑,wenwubenti
e716,宜兴窑紫砂梅花鹿,wenwubenti
e717,黑釉狗,wenwubenti
e718,白釉剔花花鸟纹枕,wenwubenti
e719,钧窑天蓝釉碗,wenwubenti
e720,汝窑天青釉弦纹樽,wenwubenti
e721,粉彩加珐琅彩开光山水纹转颈瓶,wenwubenti
e722,粉彩夔凤纹碗,wenwubenti
e723,白釉刻划花花口注壶,wenwubenti
e724,德化窑白釉瓷箫,wenwubenti
e725,青花山水人物纹盖罐,wenwubenti
e726,回青釉爵杯,wenwubenti
e727,釉里红海水龙纹瓶,wenwubenti
e728,青莲岗文化,wenwubenti
e729,定窑白釉盖缸,wenwubenti
e730,磁山文化红陶小口瓶,wenwubenti
e731,珐琅彩开光双戟小瓶,wenwubenti
e732,钧窑天蓝窑变釉碗,wenwubenti
e733,黄地粉彩花蝶圆盆奁,wenwubenti
e734,宜兴窑紫砂柿蒂起花扁壶,wenwubenti
e735,明洪武,wenwubenti
e736,磁州窑白地黑花花卉纹梅瓶,wenwubenti
e737,粉彩寿星童子扁方瓶,wenwubenti
e738,青花九龙闹海纹碗,wenwubenti
e739,五彩山石花卉罐,wenwubenti
e740,白地墨彩花卉纹带盆奁,wenwubenti
e741,粉彩御制诗茶壶,wenwubenti
e742,粉彩龙凤纹碗,wenwubenti
e743,青花莲花托八宝纹贯耳瓶,wenwubenti
e744,鲜红釉盘,wenwubenti
e745,粉彩龙凤穿牡丹纹双耳瓶,wenwubenti
e746,黄地粉彩五蝠捧寿字盖碗,wenwubenti
e747,宜兴窑紫砂圆壶,wenwubenti
e748,密县窑,wenwubenti
e749,绿地红彩云龙纹盘,wenwubenti
e750,龙泉窑青釉凸花缠枝莲纹尊,wenwubenti
e751,鲜红釉金彩云龙纹盘,wenwubenti
e752,定窑印花螭龙纹盘,wenwubenti
e753,粉彩孔雀牡丹纹汤盆,wenwubenti
e754,窑变釉带耳双环瓶,wenwubenti
e755,琉璃厂窑弦纹加彩单耳缸,wenwubenti
e756,冬青釉凸花八卦纹琮式瓶,wenwubenti
e757,祭蓝釉金彩牛纹双系罐,wenwubenti
e758,青花釉里红松竹梅纹瓶,wenwubenti
e759,黑釉描金云龙纹高足杯,wenwubenti
e760,粉彩籁瓜纹碗,wenwubenti
e761,原始瓷青釉弦纹罐,wenwubenti
e762,红地金喜字纹羹匙,wenwubenti
e763,定窑白釉花口盘,wenwubenti
e764,宜兴窑紫砂描金山水方壶,wenwubenti
e765,平安,wenwubenti
e766,霍县窑,wenwubenti
e767,龙泉炉,wenwubenti
e768,矾红彩描金云龙纹直颈瓶,wenwubenti
e769,青花鸣凤在竹仕女游园图碗,wenwubenti
e770,青花缠枝花纹天球瓶,wenwubenti
e771,粉青釉尊,wenwubenti
e772,黄地粉彩蝴蝶双喜纹羹匙,wenwubenti
e773,陶母子狗,wenwubenti
e774,五彩张天师斩五毒纹小盘,wenwubenti
e775,珊瑚红地粉彩牡丹纹贯耳瓶,wenwubenti
e776,广窑塑贴螭虎纹方瓶,wenwubenti
e777,景德镇窑,wenwubenti
e778,东晋,wenwubenti
e779,红地粉彩花卉纹腰圆式花盆,wenwubenti
e780,宜兴窑紫砂花卉竹石纹茶叶罐,wenwubenti
e781,黄地粉彩万寿无疆羹匙,wenwubenti
e782,三彩台座,wenwubenti
e783,富贵,wenwubenti
e784,广窑,wenwubenti
e785,越窑系,wenwubenti
e786,仿钧釉菱花式花盆托,wenwubenti
e787,宜兴窑紫砂树根式梅花花盆,wenwubenti
e788,青花竹石芭蕉纹梅瓶,wenwubenti
e789,孔雀绿釉花觚,wenwubenti
e790,天启仿成化款青花兔纹花口盘,wenwubenti
e791,西夏,wenwubenti
e792,磁州窑白地黑花马戏图枕,wenwubenti
e793,定窑白釉印花缠枝芙蓉纹花口碗,wenwubenti
e794,耀州窑吴牛喘月纹碗,wenwubenti
e795,官窑青釉圆洗,wenwubenti
e796,五彩人物纹海棠式盘,wenwubenti
e797,弦纹,wenwubenti
e798,青釉鸡头壶,wenwubenti
e799,蕉叶纹,wenwubenti
e800,钧窑天蓝釉鼓钉三足花盆托,wenwubenti
e801,钧窑天蓝釉缸,wenwubenti
e802,粉彩像生果品高足盘,wenwubenti
e803,斗彩石榴花纹罐,wenwubenti
e804,油红御制诗盖碗,wenwubenti
e805,黄地粉彩百蝶纹盖碗,wenwubenti
e806,珐琅彩婴戏纹双连瓶,wenwubenti
e807,斗彩缠枝莲兽耳壁瓶,wenwubenti
e808,木纹墨彩山水图笔筒,wenwubenti
e809,松石绿地粉彩云蝠纹笔管,wenwubenti
e810,绿地墨彩花鸟纹高足碗,wenwubenti
e811,黄地粉彩开光万寿无疆碗,wenwubenti
e812,吉州窑黑釉剔花梅瓶,wenwubenti
e813,仿汝釉三羊梅瓶,wenwubenti
e814,白釉花口高足杯,wenwubenti
e815,青釉堆塑五联瓷罐,wenwubenti
e816,釉里红缠枝牡丹纹碗,wenwubenti
e817,粉青釉茶壶,wenwubenti
e818,像生瓷,wenwubenti
e819,霁蓝釉梅瓶,wenwubenti
e820,邢窑白釉点彩子母狮塑像,wenwubenti
e821,德化窑白釉观音坐像,wenwubenti
e822,松石绿釉镂空花篮,wenwubenti
e823,青花缠枝花卉纹碗,wenwubenti
e824,素三彩渔夫捕鱼图长方几,wenwubenti
e825,黑釉褐彩花卉纹小口瓶,wenwubenti
e826,粉彩描金徽章纹杯,wenwubenti
e827,耀州窑酱釉碗,wenwubenti
e828,青花出戟花觚,wenwubenti
e829,粉彩牡丹梅花花鸟纹圆盆奁,wenwubenti
e830,钧窑天蓝釉葵口盘,wenwubenti
e831,天蓝釉葡萄纹十楞大碗,wenwubenti
e832,青花团花纹摇铃尊,wenwubenti
e833,景德镇窑青花海水白龙纹八方梅瓶,wenwubenti
e834,釉里红缠枝牡丹纹执壶,wenwubenti
e835,钧窑天蓝釉紫红斑菊瓣碗,wenwubenti
e836,宋,wenwubenti
e837,钧窑玫瑰紫釉海棠式花盆托,wenwubenti
e838,青花枇杷绶带鸟纹大盘,wenwubenti
e839,青釉夹耳盖罐,wenwubenti
e840,狩猎纹,wenwubenti
e841,粉彩开光人物茶壶,wenwubenti
e842,青花折枝花果纹梅瓶,wenwubenti
e843,斗彩婴戏图杯,wenwubenti
e844,耀州窑青釉人形执壶,wenwubenti
e845,兔毫纹,wenwubenti
e846,青花山水人物棒槌瓶,wenwubenti
e847,霁红釉笔筒,wenwubenti
e848,天蓝釉花觚,wenwubenti
e849,哥窑八方碗,wenwubenti
e850,豇豆红釉莱菔瓶,wenwubenti
e851,清顺治,wenwubenti
e852,淡黄釉盖盒,wenwubenti
e853,定窑白釉盒,wenwubenti
e854,青花海水白龙纹扁壶,wenwubenti
e855,黄地青花缠枝花纹转心瓶,wenwubenti
e856,五彩鹭鸶鸳鸯纹大缸,wenwubenti
e857,粉彩开光镂空花卉纹灯罩,wenwubenti
e858,磁州窑白地黑花竹纹枕,wenwubenti
e859,钧窑月白釉紫红斑洗,wenwubenti
e860,黄地素三彩二龙戏珠纹盘,wenwubenti
e861,吉州窑玳瑁釉罐,wenwubenti
e862,如意纹,wenwubenti
e863,五彩僧帽壶,wenwubenti
e864,青花缠枝莲纹盖罐,wenwubenti
e865,战国,wenwubenti
e866,原始瓷双系罐,wenwubenti
e867,宜兴窑紫砂提梁壶,wenwubenti
e868,红地金喜字纹盒,wenwubenti
e869,哥窑碗,wenwubenti
e870,紫砂小圆壶,wenwubenti
e871,青花花卉锦纹双耳扁瓶,wenwubenti
e872,矾红釉梨式执壶,wenwubenti
e873,耀州窑青釉刻花吴牛喘月纹碗,wenwubenti
e874,南朝,wenwubenti
e875,青花罗汉图钟,wenwubenti
e876,青釉刻划弦纹双系瓷壶,wenwubenti
e877,青釉辟邪,wenwubenti
e878,宜兴窑紫砂椭圆花盆,wenwubenti
e879,青花缠枝花纹罐,wenwubenti
e880,青花团龙纹提梁壶,wenwubenti
e881,白釉刻花海水绿彩云龙纹碗,wenwubenti
e882,天蓝釉双龙耳瓶,wenwubenti
e883,洒蓝地五彩人物纹笔筒,wenwubenti
e884,定窑白釉荷叶式盏托,wenwubenti
e885,珐花镂空孔雀花卉纹绣墩,wenwubenti
e886,矾红彩云龙纹杯碟,wenwubenti
e887,釉里红三果纹梅瓶,wenwubenti
e888,三彩印花盘,wenwubenti
e889,仿定窑白釉天鸡尊,wenwubenti
e890,青花携琴访友图梅瓶,wenwubenti
e891,黑釉剔花小口瓶,wenwubenti
e892,青花蓝查体梵文出戟法轮盖罐,wenwubenti
e893,粉彩花蝶纹扇式盆,wenwubenti
e894,窑变菊瓣式扁壶,wenwubenti
e895,东青釉八卦纹琮式瓶,wenwubenti
e896,青花山水人物图方瓶,wenwubenti
e897,青花云鹤九桃纹盘,wenwubenti
e898,白陶刻纹豆,wenwubenti
e899,红陶狗,wenwubenti
e900,定窑白釉官字款碗,wenwubenti
e901,白釉高足杯,wenwubenti
e902,紫砂茶壶,wenwubenti
e903,绳纹,wenwubenti
e904,赤峰窑,wenwubenti
e905,粉彩二甲传胪图鼻烟壶,wenwubenti
e906,红地开光珐琅彩牡丹纹杯,wenwubenti
e907,淡绿釉暗花螭纹杯碟,wenwubenti
e908,黄地粉彩勾莲纹佛塔,wenwubenti
e909,黄釉描金双耳罐,wenwubenti
e910,宜兴窑紫砂三折斜方花盆,wenwubenti
e911,三彩,wenwubenti
e912,仿哥釉碗,wenwubenti
e913,宜兴窑紫砂描金堆绘打枣图大笔筒,wenwubenti
e914,巩义窑白釉弦纹匜,wenwubenti
e915,矾红彩甘藤纹瓶,wenwubenti
e916,白地墨彩花蝶纹圆盆奁,wenwubenti
e917,定窑白釉印花吴牛喘月图盘,wenwubenti
e918,黄地粉彩万寿无疆纹奓斗,wenwubenti
e919,德化窑白釉暗刻牡丹纹盘,wenwubenti
e920,卷草纹,wenwubenti
e921,青花竹石纹碗,wenwubenti
e922,宜兴窑杨彭年款紫砂飞鸿延年壶,wenwubenti
e923,耀州窑青釉葵瓣口碗,wenwubenti
e924,淡粉釉瓶,wenwubenti
e925,青花荷莲大碗,wenwubenti
e926,黄地绿彩海水白鹤纹碗,wenwubenti
e927,黄釉刻花仿竹雕笔筒,wenwubenti
e928,黄地粉彩云龙帽筒,wenwubenti
e929,黄地珐琅彩开光婴戏纹瓶,wenwubenti
e930,巩义窑绞胎枕,wenwubenti
e931,宜兴窑时大彬款紫砂胎剔红山水人物图执壶,wenwubenti
e932,辽,wenwubenti
e933,黄地粉彩梅鹊纹盘,wenwubenti
e934,粉彩镂空团寿盖盒,wenwubenti
e935,岳州窑青釉碗,wenwubenti
e936,原始瓷刻竖条纹双系罐,wenwubenti
e937,五彩花蝶长方瓷板,wenwubenti
e938,景德镇窑釉里红转把杯,wenwubenti
e939,黄地绿彩云蝠纹碗,wenwubenti
e940,龙山文化红陶鬹,wenwubenti
e941,邛窑绿釉灯盏,wenwubenti
e942,青花松竹梅纹诗句观音尊,wenwubenti
e943,粉彩八宝勾莲多穆壶,wenwubenti
e944,西村窑,wenwubenti
e945,珊瑚红地白梅花纹盖碗,wenwubenti
e946,珐琅彩花卉纹瓶,wenwubenti
e947,仿古铜彩出戟尊,wenwubenti
e948,粉彩像生瓷果品盘,wenwubenti
e949,龙泉窑印龙纹青釉盘,wenwubenti
e950,青花凤穿牡丹纹罐,wenwubenti
e951,五彩狩猎图长方瓷板,wenwubenti
e952,定窑划花缠枝莲纹葵瓣口碗,wenwubenti
e953,甜白釉僧帽壶,wenwubenti
e954,青釉原始瓷四系洗,wenwubenti
e955,胭脂水釉小碗,wenwubenti
e956,五彩缠枝牡丹纹尊,wenwubenti
e957,杂釉彩,wenwubenti
e958,仿定窑白釉划花龙凤纹胆式瓶,wenwubenti
e959,仿定窑白釉划花缠枝花纹玉壶春瓶,wenwubenti
e960,五彩灵芝桃树纹盘,wenwubenti
e961,五彩麒麟送子图长方瓷板,wenwubenti
e962,建窑,wenwubenti
e963,五彩祝寿图挂屏,wenwubenti
e964,青花飞蝠纹笔筒,wenwubenti
e965,青花福山寿海图花盆,wenwubenti
e966,粉青釉暗夔龙纹洗口水丞,wenwubenti
e967,黄地墨彩折枝花卉纹花盆奁,wenwubenti
e968,青花异兽纹花觚,wenwubenti
e969,定窑白釉刻乾隆御制诗印花天禄流云纹花口方洗,wenwubenti
e970,仿哥釉古铜纹方尊,wenwubenti
e971,青釉盘口瓶,wenwubenti
e972,青花双耳葫芦式扁瓶,wenwubenti
e973,石湾窑,wenwubenti
e974,红彩绳纹状元红酒坛,wenwubenti
e975,霁红釉胆式瓶,wenwubenti
e976,钧窑玫瑰紫釉葵花式三足花盆托,wenwubenti
e977,哥窑胆式瓶,wenwubenti
e978,墨彩竹节式臂搁,wenwubenti
e979,吉祥,wenwubenti
e980,藕荷地粉彩花鸟纹圆盒,wenwubenti
e981,黄釉执壶,wenwubenti
e982,越窑青釉花瓣口碗,wenwubenti
e983,宜兴窑天蓝釉鹅颈瓶,wenwubenti
e984,明永乐,wenwubenti
e985,黄地描金红蝠纹盅,wenwubenti
e986,仿宋汝釉圆洗,wenwubenti
e987,景德镇窑青花缠枝牡丹纹罐,wenwubenti
e988,青花孔雀纹大罐,wenwubenti
e989,斗彩开光折枝莲花纹罐,wenwubenti
e990,谷纹,wenwubenti
e991,宜兴窑项圣思款紫砂梅花诗句杯,wenwubenti
e992,白釉青花四字小盅,wenwubenti
e993,青花穿花龙纹碗,wenwubenti
e994,明嘉靖,wenwubenti
e995,青花矾红彩海水龙纹盘,wenwubenti
e996,仿定窑白釉花觚,wenwubenti
e997,粉彩八仙人物纹洗口尊,wenwubenti
e998,黄地墨彩花蝶纹盖盒,wenwubenti
e999,仿成化斗彩天字盖罐,wenwubenti
e1000,定窑白釉刻乾隆御制诗天禄流云纹方洗,wenwubenti
e1001,钧窑玫瑰紫釉葵花式花盆,wenwubenti
e1002,琉璃厂窑绿彩双系瓶,wenwubenti
e1003,邢窑白釉小壶,wenwubenti
e1004,建阳窑黑釉兔毫盏,wenwubenti
e1005,三彩女立俑,wenwubenti
e1006,黄地蓝寿字纹碗,wenwubenti
e1007,仿石纹釉笔筒,wenwubenti
e1008,磁州窑仿定窑白釉水丞,wenwubenti
e1009,素三彩暗花云龙花果纹盘,wenwubenti
e1010,青花龙穿缠枝莲纹大盘,wenwubenti
e1011,西晋,wenwubenti
e1012,定窑白釉刻花牡丹纹盘,wenwubenti
e1013,定窑白釉剔花卷草纹腰圆枕,wenwubenti
e1014,仰韶文化彩陶几何纹盆,wenwubenti
e1015,青釉凤首龙柄壶,wenwubenti
e1016,圆形,wenwubenti
e1017,钧窑天蓝釉海棠式花盆托,wenwubenti
e1018,黄地粉彩花卉纹团寿字纹盖盒,wenwubenti
e1019,蓝地珐琅彩缠枝牡丹纹碗,wenwubenti
e1020,钧窑月白釉渣斗式花盆,wenwubenti
e1021,仿定窑白釉划花牡丹双鱼纹碗,wenwubenti
e1022,磁山文化红陶三足钵,wenwubenti
e1023,青花寿山福海纹花口瓶,wenwubenti
e1024,矾红彩鱼藻纹瓶,wenwubenti
e1025,定窑白釉出戟水丞,wenwubenti
e1026,鸭纹,wenwubenti
e1027,五彩仕女纹罐,wenwubenti
e1028,钧窑天蓝釉紫红斑钵,wenwubenti
e1029,黄地粉彩梅鹊纹羹匙,wenwubenti
e1030,黑地绿彩缠枝莲纹梅瓶,wenwubenti
e1031,宜兴窑绿地粉彩公道杯,wenwubenti
e1032,淮南窑,wenwubenti
e1033,褐釉彩绘虎形枕,wenwubenti
e1034,青花荷塘游龙纹碗,wenwubenti
e1035,剪纸贴花,wenwubenti
e1036,淡黄釉瓶,wenwubenti
e1037,黄地粉彩红蝠纹盘,wenwubenti
e1038,耀州窑,wenwubenti
e1039,黄地珐琅彩桃花纹杯,wenwubenti
e1040,团蝶纹,wenwubenti
e1041,斗彩葡萄纹高足杯,wenwubenti
e1042,耀州窑青釉印花童子玩莲纹碗,wenwubenti
e1043,青花缠枝牡丹纹玉壶春瓶,wenwubenti
e1044,青釉六系盘口瓶,wenwubenti
e1045,青釉莲花尊,wenwubenti
e1046,龙泉窑三足炉,wenwubenti
e1047,钧窑天蓝釉红斑三足炉,wenwubenti
e1048,五彩鱼藻纹盖罐,wenwubenti
e1049,五彩朵兰怪石纹筒式瓶,wenwubenti
e1050,斗彩高士图杯,wenwubenti
e1051,磁州窑白釉绿彩狗,wenwubenti
e1052,黄地珐琅彩梅花纹碗,wenwubenti
e1053,黄地粉彩梅鹊纹碗,wenwubenti
e1054,哥窑八方贯耳扁瓶,wenwubenti
e1055,原始瓷青釉划花双系壶,wenwubenti
e1056,宜兴窑仿钧天蓝釉莲花式洗,wenwubenti
e1057,松石绿地矾红彩云蝠纹葫芦瓶,wenwubenti
e1058,龙泉窑青釉塑贴四鱼纹洗,wenwubenti
e1059,青花鱼莲纹罐,wenwubenti
e1060,定窑白釉印花蟠螭花卉莲瓣纹洗,wenwubenti
e1061,哥窑青釉葵瓣口盘,wenwubenti
e1062,景德镇窑青白釉刻花梅瓶,wenwubenti
e1063,斗彩海水龙纹天字盖罐,wenwubenti
e1064,各种釉彩大瓶,wenwubenti
e1065,天蓝地粉彩勾莲纹如意,wenwubenti
e1066,钧窑天蓝釉菊瓣碗,wenwubenti
e1067,粉彩婴戏双凤耳大瓶,wenwubenti
e1068,黄地金八喜五彩百蝶纹奓斗,wenwubenti
e1069,仿钧窑变釉葵花式三足花盆托,wenwubenti
e1070,豇豆红釉莱菔尊,wenwubenti
e1071,西村窑青白釉凤头壶,wenwubenti
e1072,淮南窑青釉划花莲瓣纹四系盘口瓶,wenwubenti
e1073,钧窑天蓝釉碟,wenwubenti
e1074,藕荷地粉彩花鸟纹四足盆奁,wenwubenti
e1075,珐琅彩,wenwubenti
e1076,钧窑天蓝釉玉壶春瓶,wenwubenti
e1077,五彩云凤纹葫芦式壁瓶,wenwubenti
e1078,晚唐,wenwubenti
e1079,凸雕龙凤纹彩绘陶壶,wenwubenti
e1080,龙泉窑青釉刻花葡萄纹大盘,wenwubenti
e1081,三彩烛台,wenwubenti
e1082,定窑白釉刻花萱草纹洗,wenwubenti
e1083,宜兴窑紫砂御题诗山水人物纹阔底壶,wenwubenti
e1084,斗彩高士杯,wenwubenti
e1085,青花云龙纹四方盖罐,wenwubenti
e1086,定窑白釉印花缠枝牡丹莲花纹盘,wenwubenti
e1087,青花转心瓶,wenwubenti
e1088,黄地粉彩花卉盘,wenwubenti
e1089,淡茄皮紫釉暗划云龙纹碗,wenwubenti
e1090,瓜皮绿釉暗划云凤纹尊,wenwubenti
e1091,青花云龙纹蟋蟀罐,wenwubenti
e1092,宜兴窑紫砂描金堆绘山水人物纹大笔筒,wenwubenti
e1093,青釉刻花三足瓷樽,wenwubenti
e1094,五彩攻城图长方瓷板,wenwubenti
e1095,绿地墨彩花鸟纹高足盘,wenwubenti
e1096,黄地粉彩丛竹纹盘,wenwubenti
e1097,淡黄地粉彩蝴蝶八喜纹盘,wenwubenti
e1098,釉里红松竹梅纹玉壶春瓶,wenwubenti
e1099,粉彩婴戏瓶,wenwubenti
e1100,粉彩描金云蝠转心瓶,wenwubenti
e1101,德化窑白釉楸叶式洗,wenwubenti
e1102,灰陶刻划三角纹双系罐,wenwubenti
e1103,耀州窑青釉刻花婴戏纹碗,wenwubenti
e1104,釉里红缠枝牡丹纹军持,wenwubenti
e1105,青花松竹梅纹香炉,wenwubenti
e1106,龙泉窑青釉贯耳弦纹瓶,wenwubenti
e1107,德化窑白釉达摩像,wenwubenti
e1108,五彩加官晋爵图长方瓷板,wenwubenti
e1109,青花缠枝莲瓶,wenwubenti
e1110,孔雀绿釉鱼藻纹盘,wenwubenti
e1111,绿地粉彩婴戏纹双螭耳撇口瓶,wenwubenti
e1112,白地描金红云龙盘,wenwubenti
e1113,蓝地粉彩勾莲纹佛塔,wenwubenti
e1114,淡黄地粉彩海水江崖桃蝠纹花口花盆,wenwubenti
e1115,黄釉暗云龙盘,wenwubenti
e1116,定窑白釉印花缠枝菊纹笠式碗,wenwubenti
e1117,景德镇窑卵白釉印花太禧铭云龙纹盘,wenwubenti
e1118,珐琅彩缠枝花卉蒜头瓶,wenwubenti
e1119,五彩锦鸡插屏,wenwubenti
e1120,三彩杯盘,wenwubenti
e1121,余杭窑青釉菊花小盒,wenwubenti
e1122,像生瓷山子,wenwubenti
e1123,五彩云龙盘,wenwubenti
e1124,正德官窑,wenwubenti
e1125,粉彩钟馗醉酒像,wenwubenti
e1126,越窑海棠式杯,wenwubenti
e1127,青釉唾壶,wenwubenti
e1128,景德镇窑蓝釉白龙纹盘,wenwubenti
e1129,粉彩描金徽章纹单柄壶,wenwubenti
e1130,五彩加金花鸟纹八方花盆,wenwubenti
e1131,雍正款炉钧釉菱花式三足花盆托,wenwubenti
e1132,磁山文化灰陶深腹双耳罐,wenwubenti
e1133,景德镇窑青白釉刻花注壶注碗,wenwubenti
e1134,仿定窑白釉划花海水双鱼牡丹纹笠式碗,wenwubenti
e1135,仿古铜金釉三足炉,wenwubenti
e1136,五彩,wenwubenti
e1137,粉彩花卉团龙纹盖盒,wenwubenti
e1138,定窑白釉刻花荷莲纹梅瓶,wenwubenti
e1139,青花釉里红云龙纹天球瓶,wenwubenti
e1140,酱釉划花水波纹铺首耳陶壶,wenwubenti
e1141,定窑白釉印花蟠螭缠枝花卉纹洗,wenwubenti
e1142,黄地珐琅彩牡丹纹碗,wenwubenti
e1143,邢窑白釉罐,wenwubenti
e1144,五彩鱼藻纹蒜头瓶,wenwubenti
e1145,钧窑月白釉单柄洗,wenwubenti
e1146,宣统款仿钧窑变釉杏圆瓶,wenwubenti
e1147,仿定窑白釉凸花蟠螭纹鸠耳尊,wenwubenti
e1148,长沙窑白釉绿彩枕,wenwubenti
e1149,青花缠枝牡丹云龙纹罐,wenwubenti
e1150,仿朱漆菊瓣式盖碗,wenwubenti
e1151,建阳窑黑釉盏,wenwubenti
e1152,钧窑天蓝釉紫红斑折沿盘,wenwubenti
e1153,青釉褐彩鸡首壶,wenwubenti
e1154,红地描金囍字碗,wenwubenti
e1155,青花松鼠葡萄纹碗,wenwubenti
e1156,邢窑白釉玉璧形底碗,wenwubenti
e1157,斗彩缠枝花纹梅瓶,wenwubenti
e1158,粉青釉鸡形熏,wenwubenti
e1159,宜兴窑紫砂澹然斋款圆壶,wenwubenti
e1160,明正统,wenwubenti
e1161,定窑白釉印花鸳鸯鹭莲纹碗,wenwubenti
e1162,黄地紫绿彩勾莲纹瓶,wenwubenti
e1163,定窑白釉剔花莲花纹腰圆枕,wenwubenti
e1164,粉彩壁瓶,wenwubenti
e1165,青花松竹梅纹罐,wenwubenti
e1166,珐琅彩松竹梅纹瓶,wenwubenti
e1167,白釉兔系罐,wenwubenti
e1168,粉彩孔雀牡丹纹托盘,wenwubenti
e1169,彭城窑白地黑花开光山水花卉纹瓶,wenwubenti
e1170,郎窑撇口瓶,wenwubenti
e1171,钧窑玫瑰紫釉长方花盆,wenwubenti
e1172,仿钧玫瑰紫釉鼓钉三足花盆托,wenwubenti
e1173,孔雀绿釉碗,wenwubenti
e1174,黄地绿彩花鸟纹碗,wenwubenti
e1175,皮球花纹,wenwubenti
e1176,宜兴窑凸竹纹盖罐,wenwubenti
e1177,宋钧窑工匠,wenwubenti
e1178,龙泉窑青釉刻花石榴式尊,wenwubenti
e1179,青花缠枝莲纹如意耳扁壶,wenwubenti
e1180,官窑青釉弦纹瓶,wenwubenti
e1181,青花龙纹瓶,wenwubenti
e1182,粉彩人鹿纹梅瓶,wenwubenti
e1183,紫地粉彩松竹梅诗句盖罐,wenwubenti
e1184,黄地墨彩花蝶纹盘,wenwubenti
e1185,斗彩团花菊蝶纹罐,wenwubenti
e1186,汝窑天青釉圆洗,wenwubenti
e1187,晋,wenwubenti
e1188,定窑白釉刻划花内海水双鱼外莲瓣纹温碗,wenwubenti
e1189,青花玉壶春瓶,wenwubenti
e1190,邢窑白釉壶,wenwubenti
e1191,三彩印花海棠式盘,wenwubenti
e1192,斗彩团花菊蝶纹盖罐,wenwubenti
e1193,定窑白釉刻划花荷莲鸭纹花口盘,wenwubenti
e1194,青花海水蕉叶纹尊,wenwubenti
e1195,钧窑月白釉紫红斑碗,wenwubenti
e1196,粉青釉七孔花插,wenwubenti
e1197,明崇祯,wenwubenti
e1198,宜兴窑邵亮生款紫砂圆壶,wenwubenti
e1199,齐家文化红陶盉,wenwubenti
e1200,定窑白釉印花莲池鸳鸯图折沿盘,wenwubenti
e1201,粉彩花蝶撇口瓶,wenwubenti
e1202,黄地红彩缠枝莲纹葫芦瓶,wenwubenti
e1203,德化窑,wenwubenti
e1204,黄地开光粉彩三阳开泰纹碗,wenwubenti
e1205,宜兴窑紫砂端把茶壶,wenwubenti
e1206,西汉,wenwubenti
e1207,胭脂红地开光珐琅彩花鸟纹碗,wenwubenti
e1208,洒蓝釉描金花卉纹带盖糊斗,wenwubenti
e1209,灰陶,wenwubenti
e1210,三彩刻花兔纹小碟,wenwubenti
e1211,宜兴窑子冶款紫砂提梁壶,wenwubenti
e1212,龙泉窑青釉弦纹三足炉,wenwubenti
e1213,天蓝釉出戟花觚,wenwubenti
e1214,定窑白釉刻划花内荷莲外莲瓣纹盘,wenwubenti
e1215,青花开光花鸟纹盘,wenwubenti
e1216,绿釉剔刻花纹执壶,wenwubenti
e1217,西周,wenwubenti
e1218,粉彩花蝶纹盘,wenwubenti
e1219,越窑系青釉印纹豆,wenwubenti
e1220,粉彩牡丹纹盘口瓶,wenwubenti
e1221,明天启,wenwubenti
e1222,德化窑白釉刻花玉兰纹尊,wenwubenti
e1223,宜兴窑仿钧天蓝釉方渣斗,wenwubenti
e1224,青花压手杯花心,wenwubenti
e1225,印纹硬陶,wenwubenti
e1226,定窑白釉印花博古图菊瓣盘,wenwubenti
e1227,钧窑天蓝釉渣斗式花盆口磨,wenwubenti
e1228,青花缠枝莲双环耳宝月瓶,wenwubenti
e1229,赤峰窑白釉划花填黑彩牡丹纹尊,wenwubenti
e1230,官窑大瓶,wenwubenti
e1231,龙泉窑青釉盘口瓶,wenwubenti
e1232,窑变釉钵缸,wenwubenti
e1233,斗彩鸳鸯卧莲碗,wenwubenti
e1234,藕荷地绣球芍药花纹奓斗,wenwubenti
e1235,炉钧釉琮式瓶,wenwubenti
e1236,青花阿拉伯文烛台,wenwubenti
e1237,仿汝釉盘,wenwubenti
e1238,宜兴窑紫砂御题澄泥套砚,wenwubenti
e1239,黄地粉彩红蝠纹碗,wenwubenti
e1240,钧窑鼓钉三足洗,wenwubenti
e1241,广彩,wenwubenti
e1242,钧窑天蓝釉三足筒式炉,wenwubenti
e1243,斗彩团花纹罐,wenwubenti
e1244,哥窑青釉弦纹瓶,wenwubenti
e1245,仿钧窑变釉石榴尊,wenwubenti
e1246,竹石芭蕉纹,wenwubenti
e1247,紫砂僧帽壶,wenwubenti
e1248,黄地粉彩灵芝水仙纹长方花盆,wenwubenti
e1249,雍正仿成化斗彩高士杯,wenwubenti
e1250,三彩划花龙纹盘,wenwubenti
e1251,北朝,wenwubenti
e1252,郎窑红釉琵琶尊,wenwubenti
e1253,绿地粉彩花卉纹诗句大瓶,wenwubenti
e1254,广元窑,wenwubenti
e1255,密县窑珍珠地鹦鹉纹枕,wenwubenti
e1256,宜兴时大彬制紫砂壶,wenwubenti
e1257,吉州窑白地黑花卷草纹罐,wenwubenti
e1258,墨彩籁瓜纹盖碗,wenwubenti
e1259,青花婴戏纹碗,wenwubenti
e1260,耀州窑青釉刻花菊瓣纹碗,wenwubenti
e1261,仿宣德款青花三友花卉玉兔纹盘,wenwubenti
e1262,宜兴窑紫砂泥绘人物纹诗句茶壶,wenwubenti
e1263,宜兴窑紫砂御题诗梅花纹茶叶罐,wenwubenti
e1264,定窑白釉八方四系瓶,wenwubenti
e1265,斗彩灵芝纹盘,wenwubenti
e1266,哥窑青釉鱼耳炉,wenwubenti
e1267,古铜彩蕉叶纹出戟花觚,wenwubenti
e1268,青花缠枝莲纹花浇,wenwubenti
e1269,黄地粉彩丛竹纹碗,wenwubenti
e1270,紫砂方斗式壶,wenwubenti
e1271,红釉印划花云龙纹盘,wenwubenti
e1272,钧窑天蓝釉紫红斑双系罐,wenwubenti
e1273,耀州窑青釉刻海水鸭纹碗,wenwubenti
e1274,青花八宝勾莲大罐,wenwubenti
e1275,体和殿制款青花花卉纹花盆盆托,wenwubenti
e1276,青花海水纹香炉,wenwubenti
e1277,官窑葵瓣洗,wenwubenti
e1278,绿釉铺首耳陶壶,wenwubenti
e1279,龙山文化黑陶双系罐,wenwubenti
e1280,定窑白釉刻划花卉纹罐,wenwubenti
e1281,三彩武官俑,wenwubenti
e1282,矾红地白花蝴蝶纹圆盒,wenwubenti
e1283,斗彩璎珞纹贲巴壶,wenwubenti
e1284,青花锦纹绶带耳蒜头口扁壶,wenwubenti
e1285,青花折枝茶花纹如意耳扁壶,wenwubenti
e1286,巩义窑绿釉小壶,wenwubenti
e1287,青花云龙纹炉,wenwubenti
e1288,定窑白釉描金折沿盘,wenwubenti
e1289,德化窑双耳三足炉,wenwubenti
e1290,霁红釉梅瓶,wenwubenti
e1291,绿地粉彩花叶式笔掭,wenwubenti
e1292,玉溪窑青花玉壶春瓶,wenwubenti
e1293,黄地粉彩梅鹊纹盒,wenwubenti
e1294,三国,wenwubenti
e1295,青花缠枝花纹背壶,wenwubenti
e1296,定窑白釉葵口碗,wenwubenti
e1297,宜兴窑紫砂御题诗烹茶图壶,wenwubenti
e1298,釉里红缠枝莲纹玉壶春瓶,wenwubenti
e1299,青花万寿字大尊,wenwubenti
e1300,蓝地描金开光粉彩山水兽耳瓶,wenwubenti
e1301,五代,wenwubenti
e1302,黄地绿彩云龙纹尊,wenwubenti
e1303,马家窑文化马家窑类型,wenwubenti
e1304,钧窑鼓式三足洗,wenwubenti
e1305,淡黄地红蝠金彩团寿字盘,wenwubenti
e1306,墨彩耕织图瓷板书,wenwubenti
e1307,醴陵窑釉下五彩花鸟纹瓶,wenwubenti
e1308,定窑白釉盏托,wenwubenti
e1309,青花园景花卉纹盘,wenwubenti
e1310,金,wenwubenti
e1311,兽面纹,wenwubenti
e1312,五彩雉鸡牡丹纹瓶,wenwubenti
e1313,窑变釉弦纹撇口瓶,wenwubenti
e1314,清雍正,wenwubenti
e1315,郏县窑黑釉月白斑双系罐,wenwubenti
e1316,当阳峪窑剔花缸,wenwubenti
e1317,珐琅彩双环瓶,wenwubenti
e1318,黄釉金彩牺耳罐,wenwubenti
e1319,宜兴窑愙斋款紫砂提梁壶,wenwubenti
e1320,黄地粉彩万寿无疆纹碗,wenwubenti
e1321,定窑白釉刻花菊瓣纹笠式碗,wenwubenti
e1322,青花雉鸡牡丹纹凤尾尊,wenwubenti
e1323,青釉六系盖罐,wenwubenti
e1324,青花蓝查体出戟法轮罐之盖,wenwubenti
e1325,龙泉窑青釉执壶,wenwubenti
e1326,定窑白釉刻划花折枝芙蓉纹花口碗,wenwubenti
e1327,白釉塑贴红蟠螭纹蒜头瓶,wenwubenti
e1328,彭城窑,wenwubenti
e1329,商,wenwubenti
e1330,翠青釉三系盖罐,wenwubenti
e1331,黄地粉彩勾莲纹大尊,wenwubenti
e1332,青花灵芝纹碗,wenwubenti
e1333,白地黑花猴鹿纹瓶,wenwubenti
e1334,青花飞龙炉,wenwubenti
e1335,青白釉笔山,wenwubenti
e1336,仿定窑白釉划花荷莲纹盘,wenwubenti
e1337,白釉粉彩鹤莲纹高足碗,wenwubenti
e1338,青花阿拉伯文盘座,wenwubenti
e1339,白釉双龙耳瓶,wenwubenti
e1340,官窑青釉蒜头瓶,wenwubenti
e1341,鲜红釉葵花式洗,wenwubenti
e1342,雍正款仿钧新紫釉天球瓶,wenwubenti
e1343,慎德堂制款粉彩赛龙凤舟图盘,wenwubenti
e1344,定窑白釉刻划花鱼藻纹碗,wenwubenti
e1345,粉青釉凸花如意耳蒜头瓶,wenwubenti
e1346,仿哥釉八方高足杯,wenwubenti
e1347,五彩耕织图瓶,wenwubenti
e1348,宜兴窑杨彭年款紫砂描金山水诗句壶,wenwubenti
e1349,青花折枝花纹双耳扁壶,wenwubenti
e1350,青花釉里红凤穿花纹壮罐,wenwubenti
e1351,绿釉三彩划花人物纹枕,wenwubenti
e1352,黄釉盖罐,wenwubenti
e1353,雕塑,wenwubenti
e1354,五彩人物纹盘,wenwubenti
e1355,明天顺,wenwubenti
e1356,越窑系青釉印花三兽足洗,wenwubenti
e1357,黑陶,wenwubenti
e1358,青花怪石牡丹纹菱花式盘,wenwubenti
e1359,耀州窑钱纹小壶,wenwubenti
e1360,青莲岗文化彩陶钵,wenwubenti
e1361,黄地墨彩花蝶纹奓斗,wenwubenti
e1362,浙江青瓷窑,wenwubenti
e1363,斗彩鸡缸杯,wenwubenti
e1364,定窑白釉刻乾隆御制诗碗,wenwubenti
e1365,钧窑里天蓝外玫瑰紫釉折腰盘,wenwubenti
e1366,景德镇窑卵白釉印花云龙纹盘,wenwubenti
e1367,青釉花口高足杯,wenwubenti
e1368,花瓷罐,wenwubenti
e1369,仿朱漆菊瓣式盘,wenwubenti
e1370,青釉褐斑四系壶,wenwubenti
e1371,黄地粉彩五蝠捧寿团纹盅,wenwubenti
e1372,德清窑,wenwubenti
e1373,青釉刻纹镂空瓷簋,wenwubenti
e1374,青花麒麟翼龙纹盘,wenwubenti
e1375,青花双喜字桃蝠大碗,wenwubenti
e1376,白釉剔花花卉纹枕,wenwubenti
e1377,紫砂百果壶,wenwubenti
e1378,斗彩开光折枝莲纹罐,wenwubenti
e1379,青釉双系兽面纹扁壶,wenwubenti
e1380,斗彩荷莲图鼓钉绣墩,wenwubenti
e1381,仿成化款青花团凤杯,wenwubenti
e1382,淡黄地珐琅彩兰石纹碗,wenwubenti
e1383,黄地粉彩镂空干支字象耳转心瓶,wenwubenti
e1384,五彩人物纹瓶,wenwubenti
e1385,青花梅雀纹炉,wenwubenti
e1386,仿哥釉叶式洗,wenwubenti
e1387,鳝鱼黄釉钵,wenwubenti
e1388,清宣统,wenwubenti
e1389,定窑酱釉花口盘,wenwubenti
e1390,青花缠枝花卉纹出戟尊,wenwubenti
e1391,钧窑天蓝釉六方花盆,wenwubenti
e1392,宜兴窑玉麟款紫砂覆斗式壶,wenwubenti
e1393,像生瓷海螺,wenwubenti
e1394,青花花卉纹执壶,wenwubenti
e1395,宜兴窑石楳款紫砂胎镶玉槟榔木壶,wenwubenti
e1396,黄地粉彩丛竹纹奓斗,wenwubenti
e1397,宜兴窑紫砂花口花盆,wenwubenti
e1398,白釉描金云龙纹罐,wenwubenti
e1399,琉璃厂窑黄紫釉双系壶,wenwubenti
e1400,青釉八棱瓶,wenwubenti
e1401,德化窑白釉兽耳瓶,wenwubenti
e1402,钧窑天蓝釉折沿盘,wenwubenti
e1403,绞胎,wenwubenti
e1404,五彩人物纹碗,wenwubenti
e1405,定窑白釉刻划朵花纹葵花式盘,wenwubenti
e1406,灵武窑黑釉剔花瓶,wenwubenti
e1407,定窑白釉花口碟,wenwubenti
e1408,珐花人物纹罐,wenwubenti
e1409,哥釉葫芦瓶,wenwubenti
e1410,祭蓝釉白花鱼莲纹盘,wenwubenti
e1411,吉州窑剪纸贴花小碗,wenwubenti
e1412,珍珠地,wenwubenti
e1413,青釉人骑兽器,wenwubenti
e1414,仿定窑白釉三牺尊,wenwubenti
e1415,青花加金彩缠枝苜蓿花纹碗,wenwubenti
e1416,广窑狮耳炉,wenwubenti
e1417,青花璎珞纹贲巴壶,wenwubenti
e1418,青花折枝花卉纹大盘,wenwubenti
e1419,钧窑天蓝釉卧足盘,wenwubenti
e1420,粉彩雕镶荷叶香橼盘,wenwubenti
e1421,石湾窑仿钧釉鼓钉三足花盆托,wenwubenti
e1422,紫地素三彩折枝花果云龙纹盘,wenwubenti
e1423,青花锦地花卉壮罐,wenwubenti
e1424,青花鸾凤纹葵瓣式洗,wenwubenti
e1425,青花云龙纹赏瓶,wenwubenti
e1426,灰陶盉,wenwubenti
e1427,黄地粉彩梅花春燕纹碗,wenwubenti
e1428,青花凤穿花大碗净水碗,wenwubenti
e1429,钧窑天蓝釉墩式碗,wenwubenti
e1430,青花花卉纹水仙盆,wenwubenti
e1431,黄地粉彩蝴蝶四喜纹羹匙,wenwubenti
e1432,青花八卦纹筒形香炉,wenwubenti
e1433,青釉四足罐,wenwubenti
e1434,明隆庆,wenwubenti
e1435,霍县窑白釉凸花带字小碗,wenwubenti
e1436,汝窑天青釉盘,wenwubenti
e1437,越窑鸟式杯,wenwubenti
e1438,吉州窑剪纸贴花梅花纹碗,wenwubenti
e1439,青花缠枝花纹折沿盆,wenwubenti
e1440,蚯蚓走泥纹,wenwubenti
e1441,定窑白釉双系罐,wenwubenti
e1442,三彩武士俑,wenwubenti
e1443,宜兴窑紫砂双螭福寿水丞,wenwubenti
e1444,宜兴窑仿古铜纹尊,wenwubenti
e1445,定窑白釉印花海兽鱼纹洗,wenwubenti
e1446,黄地三彩梅鹊纹瓶,wenwubenti
e1447,黄地红喜字纹碟,wenwubenti
e1448,耀州窑印花碗,wenwubenti
e1449,青釉圆形槅,wenwubenti
e1450,磁山文化红陶盂,wenwubenti
e1451,粉彩荷花鹭鸶纹圆盒,wenwubenti
e1452,彭城窑仿定窑白釉孩儿枕,wenwubenti
e1453,定窑白釉刻划花莲瓣纹官字款盖罐,wenwubenti
e1454,钧窑天蓝釉鸡心盖罐,wenwubenti
e1455,斗彩团莲纹高足杯,wenwubenti
e1456,石湾窑仿钧釉三足炉,wenwubenti
e1457,青花缠枝莲托八吉祥纹碗,wenwubenti
e1458,青花花鸟纹盖罐,wenwubenti
e1459,清,wenwubenti
e1460,三彩天王俑,wenwubenti
e1461,青花缠枝牡丹纹军持,wenwubenti
e1462,影青暗花缠枝莲纹碗,wenwubenti
e1463,三彩刻花鹭莲纹盘,wenwubenti
e1464,定窑白釉印花菊凤纹盘,wenwubenti
e1465,灵武窑,wenwubenti
e1466,鲜红釉僧帽壶,wenwubenti
e1467,蓝地墨彩花鸟纹方胜式花盆,wenwubenti
e1468,青花桃蝠纹橄榄式瓶,wenwubenti
e1469,绿地粉彩藤萝花鸟纹圆盒,wenwubenti
e1470,定窑酱釉盖碗,wenwubenti
e1471,黄釉盅,wenwubenti
e1472,哥窑青釉菊瓣式盘,wenwubenti
e1473,青花折枝花纹盆奁,wenwubenti
e1474,定窑白釉刻划花荷莲纹花口盘,wenwubenti
e1475,越窑青釉八棱瓶,wenwubenti
e1476,青花缠枝莲托八吉祥纹双耳瓶,wenwubenti
e1477,粉彩暗八仙纹双耳转心瓶,wenwubenti
e1478,磁州窑白地黑花婴戏纹枕,wenwubenti
e1479,哥窑青釉海棠式花盆,wenwubenti
e1480,宜兴窑紫砂蓝釉加彩缠枝莲大花盆,wenwubenti
e1481,粉彩火锅,wenwubenti
e1482,青花人物图长方瓷板,wenwubenti
e1483,白里红五蝠外黄地粉彩盘,wenwubenti
e1484,黄釉兽耳尊,wenwubenti
e1485,仿定窑白釉印花云龙纹碗,wenwubenti
e1486,宜兴窑紫砂桃式砚滴,wenwubenti
e1487,青釉荸荠式三系瓶,wenwubenti
e1488,鲜红釉碗,wenwubenti
e1489,黄地粉彩花蝶纹花盆,wenwubenti
e1490,秋葵绿釉如意耳瓶,wenwubenti
